question,answer
hi hello hey greetings good morning good afternoon,"Hello! I am Misty, the personal AI assistant designed by Soham Gurav. How can I help you learn more about his professional background?"
who are you what is your name introduce yourself misty,"I am Misty, an AI chatbot developed by Soham Gurav. I am here to answer any questions you have about his technical skills, projects, and professional experience."
who is your creator who is soham gurav about tell me your developer,"Soham Gurav is a dedicated Software Developer and AI enthusiast specializing in Python, Machine Learning, and web development. He created me to interactively showcase his portfolio!"
skills technical programming technology stack what does he know,"Soham possesses a robust technical stack that includes Python, Java, JavaScript, Machine Learning, NLP, SQL, and Django, along with a strong focus on task automation."
python developer skill experience automation script,"Soham is highly proficient in Python. He uses it extensively for backend web development, training machine learning models, and building efficient automation scripts."
java programming developer skill software,"Soham has solid programming experience in Java, applying its object-oriented principles to build robust software applications."
javascript js frontend skill web development,"Soham has practical working knowledge of JavaScript and frontend technologies, which he combines with backend frameworks to build complete web applications."
machine learning ml ai skill experience projects artificial intelligence,"Machine Learning is one of Soham's core technical strengths. He has practical experience building predictive regression models, NLP applications, and AI-driven systems."
nlp natural language processing text processing,"Soham is highly skilled in Natural Language Processing (NLP). In fact, he used NLP concepts and cosine similarity to build me, as well as other projects like a plagiarism detection tool."
django framework web backend developer backend,"For backend web development, Soham frequently utilizes the Django framework to build secure, scalable, and data-driven web applications."
sql database mysql manage design data,"Soham is adept at database design and management using SQL and MySQL, ensuring efficient data storage and retrieval for his software applications."
projects portfolio work what has he built developed,"Soham has developed a diverse portfolio of projects, including AI chatbots, a plagiarism detection system, predictive machine learning models, and various Python automation tools."
chatbot project nlp ai assistant virtual,"Soham built meâ€”Misty! I am an intelligent chatbot system developed using Natural Language Processing and Python to answer professional queries interactively."
plagiarism detection project text analysis,"One of Soham's notable projects is a Plagiarism Detection application, which utilizes Natural Language Processing to intelligently analyze and compare text for similarities."
car price prediction model machine learning project regression,"Soham developed a Machine Learning regression model designed to accurately predict car prices based on various automotive data features."
education qualification study background college degree university btech it information technology mgm kamothe,"Soham is currently in his final year pursuing a B.Tech in Information Technology at MGM College of Engineering, Kamothe."
school schooling 10th ssc matriculation board passout,"Soham successfully completed his 10th-grade board examinations in the year 2020."
12th hsc higher secondary board junior college,"Soham completed his 12th-grade higher secondary examinations in 2022 before enrolling in his engineering degree."
internship internships experience work real world,"Soham has gained significant hands-on industry experience by successfully completing five distinct technical internships across the software development and AI domains."
django web development internship backend intern,"During one of his internships, Soham focused heavily on backend web development, building and maintaining applications using the Django framework."
python developer internship scripting intern,"Soham completed a specialized internship as a Python Developer, where he honed his skills in scripting, backend logic, and application architecture."
automation internship python script intern,"Demonstrating his focus on efficiency, Soham completed an internship dedicated to Python Automation, writing scripts to streamline repetitive technical processes."
ml machine learning ai internship intern,"Soham gained practical, real-world industry exposure to artificial intelligence algorithms through a dedicated Machine Learning internship."
javascript js frontend web internship intern,"To round out his full-stack capabilities, Soham completed an internship involving JavaScript and frontend web interface development."
career goal ambition future objective,"Soham's primary career objective is to become a successful AI and Software Engineer, building intelligent software systems that solve real-world problems."
job role seeking looking for full time hire recruitment,"Soham is actively seeking opportunities as an AI Engineer, Machine Learning Engineer, or Software Developer where he can immediately contribute his technical skills to a team."
strength strengths strong points why hire recruit,"Soham's greatest strengths are his analytical problem-solving mindset, coding persistence, and adaptability. He brings real-world project experience and a strong passion for AI to any organization."
contact details how to reach email phone message,"The best way to contact Soham professionally for opportunities is through his LinkedIn profile or via direct email."
location where based from country city kharghar navi mumbai maharashtra,"Soham is based in Kharghar, Navi Mumbai, Maharashtra."
hobbies interests free time outside of work,"In his free time, Soham enjoys exploring emerging AI technologies, participating in web application challenges, and continuously upgrading his programming skills."
linkedin profile connect network url id account social,"You can view Soham's professional experience, review his interactive resume, and connect with him on LinkedIn at: www.linkedin.com/in/soham-gurav-177734315."
bye goodbye quit exit thanks thank you awesome,"You're very welcome! Thank you for chatting with me. Feel free to reach out to Soham on LinkedIn if you have any further questions. Have a great day!"